12th street players,12th street players
ambrose,ambrose
ashland vikings,ashland vikings
assyrian kings,other
aztecas,other
belizean bloods,other
bishops,bishops
black disciples,black disciples
black p stones,black p stones
black souls,black souls
body snatchers,four corner hustlers
brazers,other
c-notes,c-notes
campbell boys,campbell boys
cicero insane vice lords,vice lords
city knights,city knights
conservative vice lords,vice lords
crazy latin boys,crazy latin boys
dirty us,vice lords
four corner hustlers,vice lords
gangster disciples,gangster disciples
gaylords,other
harrison gents,harrison gents
imperial gangsters,imperial gangsters
imperial insane vice lords,vice lords
insane cullerton deuces,insane cullerton deuces
insane deuces,insane deuces
insane dragons,insane dragons
insane popes,insane popes
insane unknowns,insane unknowns
krazy getdown boys,krazy getdown boys
la familia stones,la familia stones
la raza,la raza
latin brothers organization,latin brothers organization
latin counts,latin counts
latin dragons,latin dragons
latin eagles,latin eagles
latin jivers,latin jivers
latin kings,latin kings
latin lovers,latin lovers
latin saints,latin saints
latin souls,latin souls
latin stylers,latin stylers
latinos out of control,other
mafia insane vice lords,vice lords
maniac campbell boys,campbell boys
maniac latin disciples,maniac latin disciples
mickey cobras,mickey cobras
milwaukee kings,milwaukee kings
morgan boys,morgan boys
new breed,new breed
orchestra albany,orchestra albany
outlaw bloods,other
pachucos,pachucos
party people,party people
party players,party players
satan disciples,satan disciples
simon city royals,simon city royals
spanish cobras,spanish cobras
spanish four corner hustlers,spanish four corner hustlers
spanish gangster disciples,spanish gangster disciples
spanish lords,spanish lords
spanish vice lords,spanish vice lords
sureno 13,other
titanic stones,black p stones
traveling vice lords,vice lords
two-six,two-six
two-two boys,two-two boys
undertaker vice lords,vice lords
unknown vice lords,vice lords
vice lords,vice lords
vmp,unknown
young latin organization cobras,young latin organization cobras
young latin organization disciples,young latin organization disciples